"positive","negative","strong","weak","class"
"17","32","33","8","POSITIVE"
"26","12","43","8","POSITIVE"
"26","11","20","10","POSITIVE"
"35","39","80","15","POSITIVE"
"9","28","29","14","POSITIVE"
"42","12","65","13","POSITIVE"
"32","23","53","10","POSITIVE"
"35","11","24","9","POSITIVE"
"5","10","16","4","POSITIVE"
"11","16","35","8","POSITIVE"
"27","26","34","15","POSITIVE"
"36","14","44","6","POSITIVE"
"13","5","13","7","POSITIVE"
"11","8","16","7","POSITIVE"
"47","29","75","11","POSITIVE"
"31","11","44","4","POSITIVE"
"14","5","21","6","POSITIVE"
"48","25","61","13","POSITIVE"
"24","12","34","8","POSITIVE"
"17","7","23","5","POSITIVE"
"8","9","16","5","POSITIVE"
"39","13","43","8","POSITIVE"
"16","7","19","8","POSITIVE"
"40","18","42","7","POSITIVE"
"29","27","52","9","POSITIVE"
"28","8","34","9","POSITIVE"
"15","8","23","3","POSITIVE"
"74","41","76","25","POSITIVE"
"37","28","48","16","POSITIVE"
"40","25","57","16","POSITIVE"
"38","23","49","10","POSITIVE"
"45","24","55","17","POSITIVE"
"37","21","39","8","POSITIVE"
"49","29","38","19","POSITIVE"
"21","23","33","14","POSITIVE"
"26","2","28","7","POSITIVE"
"23","10","15","12","POSITIVE"
"30","15","43","8","POSITIVE"
"12","7","11","7","POSITIVE"
"31","12","23","9","POSITIVE"
"28","11","31","8","POSITIVE"
"35","35","60","22","POSITIVE"
"48","11","30","14","POSITIVE"
"28","10","32","4","POSITIVE"
"30","22","51","7","POSITIVE"
"32","15","50","3","POSITIVE"
"33","24","35","23","POSITIVE"
"33","15","34","7","POSITIVE"
"17","19","22","11","POSITIVE"
"11","5","18","1","POSITIVE"
"12","13","20","5","POSITIVE"
"45","12","34","4","POSITIVE"
"16","4","14","5","POSITIVE"
"25","28","47","10","POSITIVE"
"12","13","29","4","POSITIVE"
"36","12","36","7","POSITIVE"
"14","10","41","6","POSITIVE"
"10","0","5","7","POSITIVE"
"11","10","20","5","POSITIVE"
"32","21","34","13","POSITIVE"
"46","12","48","15","POSITIVE"
"27","23","42","8","POSITIVE"
"43","23","88","14","POSITIVE"
"12","7","14","6","POSITIVE"
"29","19","41","10","POSITIVE"
"38","22","40","6","POSITIVE"
"31","18","21","12","POSITIVE"
"16","18","26","14","POSITIVE"
"24","16","35","13","POSITIVE"
"30","16","37","8","POSITIVE"
"24","13","30","6","POSITIVE"
"50","14","49","12","POSITIVE"
"26","12","27","4","POSITIVE"
"19","24","22","18","POSITIVE"
"48","48","87","30","POSITIVE"
"10","9","17","5","POSITIVE"
"69","24","59","18","POSITIVE"
"23","8","28","6","POSITIVE"
"20","6","24","7","POSITIVE"
"14","17","14","7","POSITIVE"
"19","15","32","9","POSITIVE"
"25","12","31","9","POSITIVE"
"14","5","11","9","POSITIVE"
"64","10","38","13","POSITIVE"
"24","14","37","9","POSITIVE"
"21","34","40","7","POSITIVE"
"42","38","55","16","POSITIVE"
"31","14","48","17","POSITIVE"
"26","26","37","18","POSITIVE"
"17","7","25","8","POSITIVE"
"11","15","18","4","POSITIVE"
"17","9","28","7","POSITIVE"
"21","37","46","14","POSITIVE"
"19","4","17","8","POSITIVE"
"40","14","33","6","POSITIVE"
"27","26","25","11","POSITIVE"
"43","16","39","14","POSITIVE"
"21","22","37","6","POSITIVE"
"15","14","14","11","POSITIVE"
"26","29","39","18","POSITIVE"
"46","9","21","10","POSITIVE"
"47","18","34","12","POSITIVE"
"25","18","47","6","POSITIVE"
"44","11","27","5","POSITIVE"
"20","10","27","4","POSITIVE"
"41","45","64","11","POSITIVE"
"24","24","48","15","POSITIVE"
"20","32","33","12","POSITIVE"
"10","8","16","5","POSITIVE"
"32","32","40","13","POSITIVE"
"34","24","57","13","POSITIVE"
"11","5","12","1","POSITIVE"
"40","31","46","11","POSITIVE"
"20","24","40","9","POSITIVE"
"5","7","6","6","POSITIVE"
"68","25","59","29","POSITIVE"
"38","21","44","16","POSITIVE"
"30","11","38","9","POSITIVE"
"23","20","39","13","POSITIVE"
"13","7","15","6","POSITIVE"
"52","25","42","16","POSITIVE"
"55","16","48","7","POSITIVE"
"55","73","105","27","POSITIVE"
"54","39","65","29","POSITIVE"
"28","5","36","7","POSITIVE"
"23","19","36","8","POSITIVE"
"29","24","25","14","POSITIVE"
"20","19","23","6","POSITIVE"
"16","7","14","6","POSITIVE"
"25","4","17","2","POSITIVE"
"20","6","16","5","POSITIVE"
"28","34","31","14","POSITIVE"
"13","5","18","1","POSITIVE"
"9","19","22","13","POSITIVE"
"37","8","25","17","POSITIVE"
"23","17","35","6","POSITIVE"
"46","26","39","19","POSITIVE"
"24","6","18","3","POSITIVE"
"25","9","23","2","POSITIVE"
"13","10","28","5","POSITIVE"
"30","20","47","6","POSITIVE"
"30","30","48","7","POSITIVE"
"21","10","39","11","POSITIVE"
"49","15","50","17","POSITIVE"
"23","8","20","5","POSITIVE"
"14","5","15","3","POSITIVE"
"55","29","124","14","POSITIVE"
"36","7","46","8","POSITIVE"
"34","12","31","7","POSITIVE"
"19","12","24","5","POSITIVE"
"21","19","30","10","POSITIVE"
"19","14","43","7","POSITIVE"
"17","7","19","7","POSITIVE"
"37","17","29","14","POSITIVE"
"23","14","29","16","POSITIVE"
"26","14","34","9","POSITIVE"
"19","13","31","1","POSITIVE"
"11","8","9","0","POSITIVE"
"70","9","60","12","POSITIVE"
"15","15","27","10","POSITIVE"
"32","15","48","2","POSITIVE"
"7","0","11","1","POSITIVE"
"59","56","79","20","POSITIVE"
"75","20","65","34","POSITIVE"
"38","13","42","14","POSITIVE"
"26","24","46","14","POSITIVE"
"41","10","57","9","POSITIVE"
"40","21","41","11","POSITIVE"
"27","16","28","7","POSITIVE"
"53","23","38","10","POSITIVE"
"15","6","16","1","POSITIVE"
"41","16","17","7","POSITIVE"
"10","26","33","3","POSITIVE"
"10","16","27","6","POSITIVE"
"12","16","33","3","POSITIVE"
"22","8","24","7","POSITIVE"
"17","6","22","6","POSITIVE"
"29","24","42","13","POSITIVE"
"28","11","52","5","POSITIVE"
"19","21","16","10","POSITIVE"
"16","15","29","10","POSITIVE"
"24","7","27","10","POSITIVE"
"25","13","38","10","POSITIVE"
"19","8","30","1","POSITIVE"
"15","6","11","7","POSITIVE"
"18","19","38","5","POSITIVE"
"31","13","39","13","POSITIVE"
"22","20","27","8","POSITIVE"
"18","13","25","2","POSITIVE"
"25","9","17","8","POSITIVE"
"27","13","40","3","POSITIVE"
"31","6","23","5","POSITIVE"
"20","5","37","13","POSITIVE"
"12","11","26","7","POSITIVE"
"12","14","28","3","POSITIVE"
"21","11","42","9","POSITIVE"
"36","14","37","6","POSITIVE"
"13","8","19","3","POSITIVE"
"15","14","16","6","POSITIVE"
"41","15","37","15","POSITIVE"
"16","11","18","8","POSITIVE"
"21","19","28","8","POSITIVE"
"21","21","45","22","POSITIVE"
"39","24","36","13","POSITIVE"
"30","5","15","4","POSITIVE"
"29","8","40","5","POSITIVE"
"46","18","65","17","POSITIVE"
"16","16","38","14","POSITIVE"
"27","21","32","9","POSITIVE"
"16","13","16","1","POSITIVE"
"15","17","23","9","POSITIVE"
"47","42","84","26","POSITIVE"
"18","11","22","8","POSITIVE"
"8","2","11","0","POSITIVE"
"21","18","26","10","POSITIVE"
"15","25","35","14","POSITIVE"
"32","16","21","12","POSITIVE"
"23","2","13","4","POSITIVE"
"16","12","33","6","POSITIVE"
"18","7","21","6","POSITIVE"
"42","22","47","10","POSITIVE"
"13","6","13","17","POSITIVE"
"18","30","28","7","POSITIVE"
"25","15","25","14","POSITIVE"
"32","10","30","7","POSITIVE"
"16","15","9","9","POSITIVE"
"31","12","24","7","POSITIVE"
"12","11","35","10","POSITIVE"
"20","8","23","4","POSITIVE"
"6","7","5","5","POSITIVE"
"7","7","13","2","POSITIVE"
"44","15","59","14","POSITIVE"
"20","10","38","9","POSITIVE"
"43","25","59","12","POSITIVE"
"25","18","29","8","POSITIVE"
"25","2","17","4","POSITIVE"
"32","33","60","15","POSITIVE"
"15","4","12","4","POSITIVE"
"30","12","26","10","POSITIVE"
"20","19","33","6","POSITIVE"
"33","31","49","13","POSITIVE"
"37","41","47","28","POSITIVE"
"8","15","24","6","POSITIVE"
"38","8","24","10","POSITIVE"
"20","8","20","4","POSITIVE"
"31","10","28","9","POSITIVE"
"33","17","46","10","POSITIVE"
"39","14","47","13","POSITIVE"
"41","32","45","10","POSITIVE"
"20","9","13","2","POSITIVE"
"33","38","61","17","POSITIVE"
"37","13","51","15","POSITIVE"
"42","45","67","24","POSITIVE"
"27","6","13","4","POSITIVE"
"27","16","29","7","POSITIVE"
"10","19","22","12","POSITIVE"
"77","38","108","18","POSITIVE"
"20","12","27","8","POSITIVE"
"39","21","39","10","POSITIVE"
"22","12","23","23","POSITIVE"
"13","12","17","11","POSITIVE"
"42","19","42","16","POSITIVE"
"34","31","54","14","POSITIVE"
"25","12","32","7","POSITIVE"
"22","7","29","6","POSITIVE"
"28","13","24","15","POSITIVE"
"19","14","37","3","POSITIVE"
"40","37","46","19","POSITIVE"
"24","12","17","10","POSITIVE"
"62","43","81","13","POSITIVE"
"4","8","8","3","POSITIVE"
"41","14","37","16","POSITIVE"
"18","9","32","7","POSITIVE"
"20","6","38","9","POSITIVE"
"68","25","59","29","POSITIVE"
"40","18","33","10","POSITIVE"
"38","11","27","10","POSITIVE"
"9","12","7","4","POSITIVE"
"48","37","83","13","POSITIVE"
"19","7","24","5","POSITIVE"
"3","2","2","1","POSITIVE"
"41","10","54","4","POSITIVE"
"29","21","51","12","POSITIVE"
"24","14","45","8","POSITIVE"
"37","16","59","18","POSITIVE"
"25","10","17","6","POSITIVE"
"46","17","52","15","POSITIVE"
"21","10","19","2","POSITIVE"
"29","11","23","9","POSITIVE"
"28","11","26","7","POSITIVE"
"34","14","62","15","POSITIVE"
"29","22","28","11","POSITIVE"
"14","5","27","4","POSITIVE"
"11","3","25","4","POSITIVE"
"24","13","47","1","POSITIVE"
"22","12","41","5","POSITIVE"
"13","16","20","16","POSITIVE"
"28","40","47","12","POSITIVE"
"37","12","62","11","POSITIVE"
"18","17","23","12","POSITIVE"
"45","36","48","13","POSITIVE"
"15","15","17","9","POSITIVE"
"13","35","55","11","POSITIVE"
"43","18","35","15","POSITIVE"
"38","20","47","15","POSITIVE"
"36","11","22","11","POSITIVE"
"40","14","31","6","POSITIVE"
"29","15","24","9","POSITIVE"
"17","12","10","5","POSITIVE"
"90","27","113","17","POSITIVE"
"35","15","51","9","POSITIVE"
"40","19","56","7","POSITIVE"
"24","4","14","2","POSITIVE"
"46","10","48","7","POSITIVE"
"12","9","12","4","POSITIVE"
"53","31","57","19","POSITIVE"
"19","8","29","6","POSITIVE"
"58","38","77","22","POSITIVE"
"30","41","37","13","POSITIVE"
"16","1","23","2","POSITIVE"
"61","29","52","19","POSITIVE"
"29","12","32","11","POSITIVE"
"12","13","26","7","POSITIVE"
"13","17","22","4","POSITIVE"
"33","14","16","12","POSITIVE"
"30","8","20","2","POSITIVE"
"7","11","18","1","POSITIVE"
"78","33","76","21","POSITIVE"
"59","31","68","21","POSITIVE"
"10","6","14","4","POSITIVE"
"17","11","23","4","POSITIVE"
"45","8","46","4","POSITIVE"
"42","18","50","18","POSITIVE"
"47","36","51","19","POSITIVE"
"30","24","31","6","POSITIVE"
"40","19","37","14","POSITIVE"
"25","36","32","15","POSITIVE"
"34","23","32","10","POSITIVE"
"13","7","20","6","POSITIVE"
"15","12","21","4","POSITIVE"
"22","8","32","2","POSITIVE"
"41","19","49","9","POSITIVE"
"17","18","31","15","POSITIVE"
"16","16","24","11","POSITIVE"
"26","11","22","6","POSITIVE"
"50","86","83","40","POSITIVE"
"12","16","25","11","POSITIVE"
"32","17","25","5","POSITIVE"
"11","8","12","4","POSITIVE"
"4","3","4","2","POSITIVE"
"29","12","23","9","POSITIVE"
"22","9","30","6","POSITIVE"
"20","6","27","1","POSITIVE"
"11","9","15","6","POSITIVE"
"19","30","30","5","POSITIVE"
"27","4","41","4","POSITIVE"
"37","38","48","6","POSITIVE"
"37","20","35","12","POSITIVE"
"40","21","40","13","POSITIVE"
"16","16","17","10","POSITIVE"
"27","19","55","6","POSITIVE"
"14","3","16","1","POSITIVE"
"32","14","31","8","POSITIVE"
"20","13","23","7","POSITIVE"
"19","11","39","5","POSITIVE"
"48","15","46","7","POSITIVE"
"19","11","28","11","POSITIVE"
"18","10","13","10","POSITIVE"
"37","19","36","11","POSITIVE"
"35","16","40","14","POSITIVE"
"24","12","28","6","POSITIVE"
"32","20","95","13","POSITIVE"
"7","5","12","5","POSITIVE"
"31","9","26","7","POSITIVE"
"28","7","23","9","POSITIVE"
"20","5","32","4","POSITIVE"
"22","13","29","6","POSITIVE"
"12","20","40","1","POSITIVE"
"20","8","28","6","POSITIVE"
"39","22","32","14","POSITIVE"
"19","11","22","4","POSITIVE"
"31","18","39","7","POSITIVE"
"26","16","43","10","POSITIVE"
"44","27","58","21","POSITIVE"
"17","11","18","3","POSITIVE"
"12","21","29","8","POSITIVE"
"33","16","40","11","POSITIVE"
"14","1","12","1","POSITIVE"
"25","17","24","9","POSITIVE"
"20","31","42","28","POSITIVE"
"14","6","13","5","POSITIVE"
"30","26","43","11","POSITIVE"
"6","17","25","4","POSITIVE"
"28","17","39","12","POSITIVE"
"12","4","8","2","POSITIVE"
"25","21","31","11","POSITIVE"
"20","21","27","15","POSITIVE"
"35","17","48","7","POSITIVE"
"51","17","53","5","POSITIVE"
"29","21","47","10","POSITIVE"
"13","8","10","6","POSITIVE"
"49","25","70","22","POSITIVE"
"32","12","39","5","POSITIVE"
"5","4","10","4","POSITIVE"
"22","7","15","8","POSITIVE"
"25","6","25","1","POSITIVE"
"19","11","21","5","POSITIVE"
"24","21","49","12","POSITIVE"
"22","12","27","14","POSITIVE"
"42","27","41","18","POSITIVE"
"29","10","45","24","POSITIVE"
"74","31","79","23","POSITIVE"
"27","11","30","5","POSITIVE"
"23","22","44","10","POSITIVE"
"28","17","46","14","POSITIVE"
"35","8","23","10","POSITIVE"
"15","8","4","10","POSITIVE"
"26","11","25","13","POSITIVE"
"12","5","21","2","POSITIVE"
"17","8","20","3","POSITIVE"
"18","20","45","5","POSITIVE"
"59","44","78","12","POSITIVE"
"41","13","47","6","POSITIVE"
"28","14","35","14","POSITIVE"
"8","14","30","2","POSITIVE"
"8","6","17","3","POSITIVE"
"31","9","31","11","POSITIVE"
"27","25","42","13","POSITIVE"
"14","7","21","5","POSITIVE"
"16","5","24","4","POSITIVE"
"13","11","13","5","POSITIVE"
"16","13","18","6","POSITIVE"
"42","27","58","5","POSITIVE"
"44","30","61","18","POSITIVE"
"28","24","49","8","POSITIVE"
"51","35","77","12","POSITIVE"
"62","20","54","15","POSITIVE"
"35","24","41","13","POSITIVE"
"27","28","39","6","POSITIVE"
"71","34","55","25","POSITIVE"
"28","21","41","3","POSITIVE"
"28","27","43","9","POSITIVE"
"48","50","81","31","POSITIVE"
"20","10","19","3","POSITIVE"
"16","8","24","3","POSITIVE"
"42","37","67","12","POSITIVE"
"15","20","31","9","POSITIVE"
"22","14","29","10","POSITIVE"
"29","9","16","9","POSITIVE"
"17","14","19","4","POSITIVE"
"18","13","24","8","POSITIVE"
"28","11","32","7","POSITIVE"
"14","15","28","3","POSITIVE"
"41","16","54","9","POSITIVE"
"30","23","39","12","POSITIVE"
"31","18","40","10","POSITIVE"
"33","15","39","12","POSITIVE"
"24","23","49","13","POSITIVE"
"37","23","29","5","POSITIVE"
"4","14","15","7","POSITIVE"
"35","15","39","10","POSITIVE"
"31","47","42","21","POSITIVE"
"31","18","53","14","POSITIVE"
"39","16","44","13","POSITIVE"
"23","17","39","17","POSITIVE"
"13","19","27","9","POSITIVE"
"28","16","36","6","POSITIVE"
"22","20","40","13","POSITIVE"
"31","7","44","6","POSITIVE"
"37","48","78","27","POSITIVE"
"35","30","37","10","POSITIVE"
"15","4","17","4","POSITIVE"
"21","13","20","5","POSITIVE"
"10","7","11","5","POSITIVE"
"25","13","37","3","POSITIVE"
"53","13","47","14","POSITIVE"
"32","18","35","6","POSITIVE"
"38","12","38","11","POSITIVE"
"22","16","26","7","POSITIVE"
"16","22","39","8","POSITIVE"
"17","5","27","5","POSITIVE"
"17","25","37","3","POSITIVE"
"30","19","35","11","POSITIVE"
"29","11","24","13","POSITIVE"
"14","13","27","5","POSITIVE"
"25","10","28","4","POSITIVE"
"26","25","43","9","POSITIVE"
"32","22","32","8","POSITIVE"
"32","23","47","17","POSITIVE"
"24","15","31","7","POSITIVE"
"47","22","58","25","POSITIVE"
"19","5","16","13","POSITIVE"
"36","20","61","12","POSITIVE"
"6","10","21","2","POSITIVE"
"27","17","28","7","POSITIVE"
"17","24","43","9","POSITIVE"
"32","27","36","11","POSITIVE"
"35","14","37","9","POSITIVE"
"14","16","20","7","POSITIVE"
"20","15","24","9","POSITIVE"
"28","16","41","12","POSITIVE"
"63","36","97","12","POSITIVE"
"26","20","44","13","POSITIVE"
"49","20","62","14","POSITIVE"
"22","17","32","11","POSITIVE"
"48","48","93","31","POSITIVE"
"62","36","75","21","POSITIVE"
"28","22","27","9","POSITIVE"
"63","29","41","14","POSITIVE"
"78","15","53","11","POSITIVE"
"21","13","36","8","POSITIVE"
"31","45","50","16","POSITIVE"
"48","42","89","25","POSITIVE"
"12","5","13","2","POSITIVE"
"24","12","22","9","POSITIVE"
"10","5","12","0","POSITIVE"
"30","21","50","13","POSITIVE"
"20","6","9","0","POSITIVE"
"27","28","44","9","POSITIVE"
"52","31","61","19","POSITIVE"
"33","31","55","18","POSITIVE"
"63","10","45","11","POSITIVE"
"26","7","21","7","POSITIVE"
"24","13","26","8","POSITIVE"
"29","29","34","14","POSITIVE"
"30","30","55","24","POSITIVE"
"29","12","20","10","POSITIVE"
"17","19","23","13","POSITIVE"
"44","8","40","10","POSITIVE"
"22","23","56","10","POSITIVE"
"14","12","37","5","POSITIVE"
"48","26","54","18","POSITIVE"
"44","39","54","21","POSITIVE"
"17","12","19","6","POSITIVE"
"12","9","12","4","POSITIVE"
"11","2","16","4","POSITIVE"
"29","9","32","8","POSITIVE"
"25","19","59","14","POSITIVE"
"36","41","46","4","POSITIVE"
"17","7","22","6","POSITIVE"
"28","21","39","7","POSITIVE"
"37","24","30","13","POSITIVE"
"11","5","16","1","POSITIVE"
"50","15","41","17","POSITIVE"
"13","18","27","3","POSITIVE"
"63","34","62","17","POSITIVE"
"36","23","41","18","POSITIVE"
"20","6","29","4","POSITIVE"
"29","28","38","12","POSITIVE"
"38","25","38","13","POSITIVE"
"33","27","41","20","POSITIVE"
"43","16","50","11","POSITIVE"
"102","59","127","34","POSITIVE"
"38","22","52","9","POSITIVE"
"33","25","42","7","POSITIVE"
"24","12","29","8","POSITIVE"
"63","25","67","18","POSITIVE"
"34","26","69","15","POSITIVE"
"42","18","43","10","POSITIVE"
"46","11","46","11","POSITIVE"
"62","42","76","24","POSITIVE"
"30","26","44","10","POSITIVE"
"32","21","29","7","POSITIVE"
"55","23","68","17","POSITIVE"
"20","10","32","3","POSITIVE"
"13","6","18","4","POSITIVE"
"35","24","37","10","POSITIVE"
"44","9","43","15","POSITIVE"
"10","2","14","6","POSITIVE"
"56","10","50","12","POSITIVE"
"22","23","30","14","POSITIVE"
"37","23","46","5","POSITIVE"
"34","28","49","7","POSITIVE"
"44","12","44","8","POSITIVE"
"53","15","27","7","POSITIVE"
"28","15","30","9","POSITIVE"
"25","7","21","9","POSITIVE"
"58","20","66","19","POSITIVE"
"37","17","49","13","POSITIVE"
"20","19","45","10","POSITIVE"
"15","14","44","5","POSITIVE"
"41","24","58","8","POSITIVE"
"49","29","47","11","POSITIVE"
"18","27","30","13","POSITIVE"
"13","8","11","5","POSITIVE"
"33","35","52","17","POSITIVE"
"36","14","37","7","POSITIVE"
"15","11","17","3","POSITIVE"
"15","11","18","2","POSITIVE"
"35","27","55","15","POSITIVE"
"33","27","61","9","POSITIVE"
"22","37","39","18","POSITIVE"
"11","11","16","8","POSITIVE"
"25","14","25","4","POSITIVE"
"36","10","38","6","POSITIVE"
"22","25","37","5","POSITIVE"
"39","4","40","3","POSITIVE"
"80","38","109","23","POSITIVE"
"11","2","5","2","POSITIVE"
"28","12","33","9","POSITIVE"
"47","27","54","20","POSITIVE"
"85","56","70","26","POSITIVE"
"16","13","32","8","POSITIVE"
"33","21","38","7","POSITIVE"
"26","32","54","12","POSITIVE"
"35","7","27","5","POSITIVE"
"67","19","61","13","POSITIVE"
"11","9","19","6","POSITIVE"
"17","22","46","10","POSITIVE"
"28","8","34","6","POSITIVE"
"26","6","21","12","POSITIVE"
"27","16","25","5","POSITIVE"
"46","48","83","30","POSITIVE"
"23","20","33","4","POSITIVE"
"23","21","29","16","POSITIVE"
"28","19","24","8","POSITIVE"
"33","28","31","12","POSITIVE"
"27","12","36","5","POSITIVE"
"45","18","51","12","POSITIVE"
"31","7","25","8","POSITIVE"
"23","21","46","11","POSITIVE"
"52","10","51","9","POSITIVE"
"40","17","36","3","POSITIVE"
"40","13","39","13","POSITIVE"
"36","24","62","14","POSITIVE"
"17","5","18","3","POSITIVE"
"25","22","37","6","POSITIVE"
"30","18","42","10","POSITIVE"
"21","9","28","4","POSITIVE"
"40","21","30","6","POSITIVE"
"34","18","32","5","POSITIVE"
"32","32","34","12","POSITIVE"
"33","31","60","13","POSITIVE"
"65","33","88","24","POSITIVE"
"40","40","51","22","POSITIVE"
"29","25","31","4","POSITIVE"
"32","35","34","17","POSITIVE"
"24","13","25","11","POSITIVE"
"67","47","136","26","POSITIVE"
"37","22","71","19","POSITIVE"
"8","3","9","2","POSITIVE"
"24","29","54","21","POSITIVE"
"30","22","36","15","POSITIVE"
"21","18","19","3","POSITIVE"
"61","46","103","16","POSITIVE"
"40","26","57","18","POSITIVE"
"27","13","32","6","POSITIVE"
"39","34","39","14","POSITIVE"
"27","16","35","20","POSITIVE"
"20","28","42","18","POSITIVE"
"23","21","44","10","POSITIVE"
"21","36","42","17","POSITIVE"
"7","5","24","5","POSITIVE"
"49","12","36","22","POSITIVE"
"26","19","37","16","POSITIVE"
"25","15","35","8","POSITIVE"
"18","12","40","9","POSITIVE"
"35","16","42","8","POSITIVE"
"30","21","32","20","POSITIVE"
"11","9","24","8","POSITIVE"
"49","30","73","23","POSITIVE"
"27","16","40","11","POSITIVE"
"18","20","22","4","POSITIVE"
"54","12","61","11","POSITIVE"
"15","10","23","10","POSITIVE"
"19","25","20","10","POSITIVE"
"46","30","51","14","POSITIVE"
"34","33","75","26","POSITIVE"
"47","35","64","11","POSITIVE"
"35","10","33","7","POSITIVE"
"30","13","33","14","POSITIVE"
"24","9","32","4","POSITIVE"
"37","14","28","9","POSITIVE"
"52","37","79","23","POSITIVE"
"51","11","60","15","POSITIVE"
"22","18","37","11","POSITIVE"
"29","17","39","11","POSITIVE"
"39","23","48","8","POSITIVE"
"60","18","64","20","POSITIVE"
"23","8","30","9","POSITIVE"
"36","7","38","1","POSITIVE"
"23","15","28","5","POSITIVE"
"45","10","45","14","POSITIVE"
"44","32","70","18","POSITIVE"
"23","21","32","6","POSITIVE"
"28","21","51","14","POSITIVE"
"10","9","11","5","POSITIVE"
"44","11","45","9","POSITIVE"
"15","9","22","2","POSITIVE"
"35","12","27","9","POSITIVE"
"15","3","11","2","POSITIVE"
"23","14","22","7","POSITIVE"
"72","22","73","21","POSITIVE"
"34","18","51","12","POSITIVE"
"34","13","31","9","POSITIVE"
"37","6","38","7","POSITIVE"
"24","28","30","18","POSITIVE"
"34","14","28","12","POSITIVE"
"58","55","90","15","POSITIVE"
"20","22","30","10","POSITIVE"
"36","23","88","14","POSITIVE"
"43","32","60","15","POSITIVE"
"24","15","22","10","POSITIVE"
"25","7","10","3","POSITIVE"
"48","30","61","12","POSITIVE"
"16","11","18","8","POSITIVE"
"61","20","58","14","POSITIVE"
"42","19","54","16","POSITIVE"
"27","6","28","3","POSITIVE"
"15","16","22","8","POSITIVE"
"35","9","43","13","POSITIVE"
"29","47","45","31","POSITIVE"
"32","39","28","16","POSITIVE"
"12","5","15","5","POSITIVE"
"22","16","40","9","POSITIVE"
"16","8","8","3","POSITIVE"
"18","40","31","21","POSITIVE"
"57","33","66","26","POSITIVE"
"9","4","18","2","POSITIVE"
"43","41","47","11","POSITIVE"
"22","30","37","15","POSITIVE"
"25","14","21","14","POSITIVE"
"9","7","10","4","POSITIVE"
"20","11","43","4","POSITIVE"
"26","10","24","8","POSITIVE"
"23","21","32","12","POSITIVE"
"8","7","20","3","POSITIVE"
"16","21","11","7","POSITIVE"
"65","20","58","12","POSITIVE"
"50","18","67","23","POSITIVE"
"35","22","41","16","POSITIVE"
"30","22","37","9","POSITIVE"
"24","10","23","5","POSITIVE"
"45","17","54","20","POSITIVE"
"37","18","38","6","POSITIVE"
"26","36","47","8","POSITIVE"
"40","43","46","25","POSITIVE"
"38","19","44","16","POSITIVE"
"54","31","72","16","POSITIVE"
"29","22","35","11","POSITIVE"
"26","16","36","11","POSITIVE"
"22","12","28","8","POSITIVE"
"15","8","30","4","POSITIVE"
"33","19","42","12","POSITIVE"
"23","17","28","21","POSITIVE"
"37","20","36","14","POSITIVE"
"43","43","41","9","POSITIVE"
"14","14","23","1","POSITIVE"
"18","9","18","12","POSITIVE"
"23","14","16","4","POSITIVE"
"44","23","63","9","POSITIVE"
"36","8","21","5","POSITIVE"
"64","14","34","7","POSITIVE"
"42","16","48","7","POSITIVE"
"4","0","5","2","POSITIVE"
"30","11","31","6","POSITIVE"
"21","3","24","4","POSITIVE"
"27","42","37","11","POSITIVE"
"33","22","45","7","POSITIVE"
"12","16","33","3","POSITIVE"
"8","8","14","0","POSITIVE"
"16","17","41","5","POSITIVE"
"21","6","29","4","POSITIVE"
"6","6","8","4","POSITIVE"
"14","1","20","7","POSITIVE"
"61","50","116","33","POSITIVE"
"21","9","22","8","POSITIVE"
"6","9","15","3","POSITIVE"
"41","18","33","9","POSITIVE"
"29","30","42","3","POSITIVE"
"42","16","40","17","POSITIVE"
"38","42","90","9","POSITIVE"
"47","22","63","14","POSITIVE"
"25","21","31","10","POSITIVE"
"8","14","14","4","POSITIVE"
"19","9","17","10","POSITIVE"
"27","13","20","8","POSITIVE"
"34","20","44","14","POSITIVE"
"25","16","28","8","POSITIVE"
"25","6","41","9","POSITIVE"
"97","13","47","9","POSITIVE"
"34","23","49","11","POSITIVE"
"45","30","41","24","POSITIVE"
"55","20","76","10","POSITIVE"
"16","8","28","2","POSITIVE"
"27","15","45","17","POSITIVE"
"22","24","33","6","POSITIVE"
"18","8","26","9","POSITIVE"
"19","12","7","7","POSITIVE"
"29","13","19","14","POSITIVE"
"28","21","33","10","POSITIVE"
"24","26","42","10","POSITIVE"
"44","26","47","12","POSITIVE"
"17","29","42","9","POSITIVE"
"27","22","43","13","POSITIVE"
"31","22","26","16","POSITIVE"
"25","9","29","6","POSITIVE"
"4","8","10","6","POSITIVE"
"25","27","49","11","POSITIVE"
"20","25","24","10","POSITIVE"
"38","16","44","15","POSITIVE"
"26","14","57","12","POSITIVE"
"42","28","41","11","POSITIVE"
"52","13","57","12","POSITIVE"
"38","17","48","14","POSITIVE"
"31","18","46","15","POSITIVE"
"21","20","34","5","POSITIVE"
"54","19","38","28","POSITIVE"
"35","33","41","12","POSITIVE"
"44","22","44","23","POSITIVE"
"46","56","53","29","POSITIVE"
"18","21","28","17","POSITIVE"
"43","9","52","8","POSITIVE"
"23","8","22","4","POSITIVE"
"17","9","13","4","POSITIVE"
"27","21","39","12","POSITIVE"
"39","22","38","12","POSITIVE"
"73","25","73","23","POSITIVE"
"21","17","45","11","POSITIVE"
"55","36","97","10","POSITIVE"
"22","14","25","13","POSITIVE"
"28","14","23","10","POSITIVE"
"24","12","35","16","POSITIVE"
"8","12","11","9","POSITIVE"
"10","8","16","4","POSITIVE"
"6","2","8","1","POSITIVE"
"25","13","39","10","POSITIVE"
"21","15","34","8","POSITIVE"
"18","17","36","7","POSITIVE"
"36","12","17","7","POSITIVE"
"26","30","34","10","POSITIVE"
"25","15","24","6","POSITIVE"
"18","16","38","2","POSITIVE"
"28","15","48","7","POSITIVE"
"32","19","40","13","POSITIVE"
"14","4","9","2","POSITIVE"
"64","21","68","6","POSITIVE"
"50","19","45","12","POSITIVE"
"15","29","22","12","POSITIVE"
"62","16","31","9","POSITIVE"
"31","8","29","6","POSITIVE"
"8","6","14","2","POSITIVE"
"13","17","23","9","POSITIVE"
"12","0","9","9","POSITIVE"
"21","40","54","9","POSITIVE"
"34","22","38","17","POSITIVE"
"33","22","44","10","POSITIVE"
"10","1","7","1","POSITIVE"
"32","17","25","5","POSITIVE"
"29","18","34","19","POSITIVE"
"22","9","16","4","POSITIVE"
"16","17","28","11","POSITIVE"
"18","14","37","7","POSITIVE"
"23","15","23","10","POSITIVE"
"17","15","26","4","POSITIVE"
"19","23","22","5","POSITIVE"
"30","27","37","11","POSITIVE"
"24","25","13","18","POSITIVE"
"32","42","30","6","POSITIVE"
"18","25","54","8","POSITIVE"
"26","31","40","15","POSITIVE"
"13","14","27","8","POSITIVE"
"78","32","95","16","POSITIVE"
"21","6","28","13","POSITIVE"
"27","8","21","5","POSITIVE"
"37","16","26","15","POSITIVE"
"41","27","44","9","POSITIVE"
"11","10","23","7","POSITIVE"
"39","8","52","21","POSITIVE"
"23","21","36","15","POSITIVE"
"40","9","34","15","POSITIVE"
"29","25","48","5","POSITIVE"
"69","27","49","18","POSITIVE"
"35","8","40","8","POSITIVE"
"19","39","40","14","POSITIVE"
"45","28","47","15","POSITIVE"
"12","5","8","10","POSITIVE"
"15","6","6","3","POSITIVE"
"25","28","36","15","POSITIVE"
"27","14","55","11","POSITIVE"
"29","12","31","14","POSITIVE"
"7","1","17","2","POSITIVE"
"21","17","25","20","POSITIVE"
"17","6","23","3","POSITIVE"
"38","13","38","14","POSITIVE"
"19","14","19","11","POSITIVE"
"16","10","24","4","POSITIVE"
"33","20","35","6","POSITIVE"
"34","23","60","16","POSITIVE"
"40","14","45","10","POSITIVE"
"12","13","29","7","POSITIVE"
"23","13","33","7","POSITIVE"
"41","18","42","10","POSITIVE"
"53","45","106","28","POSITIVE"
"31","3","35","11","POSITIVE"
"36","29","59","10","POSITIVE"
"37","20","49","21","POSITIVE"
"36","15","39","8","POSITIVE"
"23","7","29","9","POSITIVE"
"28","5","21","5","POSITIVE"
"34","12","41","9","POSITIVE"
"10","11","12","3","POSITIVE"
"35","20","45","16","POSITIVE"
"39","17","32","13","POSITIVE"
"11","8","18","6","POSITIVE"
"25","22","34","9","POSITIVE"
"12","9","17","9","POSITIVE"
"23","9","39","10","POSITIVE"
"66","35","87","19","POSITIVE"
"21","26","31","8","POSITIVE"
"32","19","42","16","POSITIVE"
"33","17","36","15","POSITIVE"
"20","20","26","10","POSITIVE"
"40","17","34","23","POSITIVE"
"16","6","17","4","POSITIVE"
"25","9","30","5","POSITIVE"
"33","15","29","8","POSITIVE"
"27","12","41","11","POSITIVE"
"15","9","23","9","POSITIVE"
"25","19","29","7","POSITIVE"
"24","21","28","6","POSITIVE"
"18","8","20","4","POSITIVE"
"53","47","89","20","POSITIVE"
"23","9","20","0","POSITIVE"
"25","7","27","9","POSITIVE"
"46","13","28","9","POSITIVE"
"19","19","22","13","POSITIVE"
"23","20","49","13","POSITIVE"
"60","21","89","20","POSITIVE"
"36","36","53","21","POSITIVE"
"59","24","72","10","POSITIVE"
"20","3","14","4","POSITIVE"
"10","16","23","5","POSITIVE"
"45","11","40","10","POSITIVE"
"17","11","21","8","POSITIVE"
"45","24","71","17","POSITIVE"
"47","40","86","15","POSITIVE"
"23","20","48","9","POSITIVE"
"14","11","21","1","POSITIVE"
"19","29","23","4","POSITIVE"
"23","7","34","8","POSITIVE"
"21","16","35","5","POSITIVE"
"17","16","25","9","POSITIVE"
"14","13","27","2","POSITIVE"
"28","18","74","12","POSITIVE"
"47","20","42","18","POSITIVE"
"72","60","129","31","POSITIVE"
"25","16","36","9","POSITIVE"
"19","8","31","6","POSITIVE"
"32","22","39","17","POSITIVE"
"13","6","27","9","POSITIVE"
"38","3","41","5","POSITIVE"
"16","23","31","10","POSITIVE"
"31","14","43","7","POSITIVE"
"26","11","28","8","POSITIVE"
"38","19","59","14","POSITIVE"
"24","24","42","13","POSITIVE"
"18","11","25","3","POSITIVE"
"27","18","27","9","POSITIVE"
"19","7","15","8","POSITIVE"
"26","29","40","19","POSITIVE"
"20","19","33","12","POSITIVE"
"22","12","25","7","POSITIVE"
"37","13","32","11","POSITIVE"
"44","27","80","15","POSITIVE"
"20","20","37","9","POSITIVE"
"19","13","20","6","POSITIVE"
"72","12","52","22","POSITIVE"
"17","14","27","5","POSITIVE"
"19","12","24","6","POSITIVE"
"29","19","43","7","POSITIVE"
"24","19","44","9","POSITIVE"
"25","25","23","11","POSITIVE"
"54","20","43","13","POSITIVE"
"24","16","26","9","POSITIVE"
"46","13","58","8","POSITIVE"
"12","3","8","6","POSITIVE"
"25","6","23","7","POSITIVE"
"30","31","45","11","POSITIVE"
"46","14","45","15","POSITIVE"
"28","9","14","7","POSITIVE"
"34","21","46","6","POSITIVE"
"25","9","36","10","POSITIVE"
"32","15","39","14","POSITIVE"
"31","9","21","7","POSITIVE"
"37","14","28","13","POSITIVE"
"43","27","58","21","POSITIVE"
"9","3","3","4","POSITIVE"
"41","18","50","11","POSITIVE"
"42","16","48","12","POSITIVE"
"26","15","45","12","POSITIVE"
"32","15","26","9","POSITIVE"
"49","35","69","13","POSITIVE"
"21","22","34","12","POSITIVE"
"25","7","26","3","POSITIVE"
"37","10","34","8","POSITIVE"
"15","8","20","3","POSITIVE"
"44","52","93","21","POSITIVE"
"28","17","34","4","POSITIVE"
"31","25","45","13","POSITIVE"
"17","24","25","12","NEGATIVE"
"4","8","11","6","NEGATIVE"
"16","13","30","6","NEGATIVE"
"15","21","34","13","NEGATIVE"
"23","17","35","12","NEGATIVE"
"19","31","42","7","NEGATIVE"
"16","21","30","11","NEGATIVE"
"19","19","24","11","NEGATIVE"
"23","27","30","18","NEGATIVE"
"27","25","35","14","NEGATIVE"
"24","20","45","16","NEGATIVE"
"19","7","20","12","NEGATIVE"
"8","18","28","8","NEGATIVE"
"23","32","55","15","NEGATIVE"
"13","15","18","6","NEGATIVE"
"16","22","27","12","NEGATIVE"
"15","18","26","14","NEGATIVE"
"23","21","33","11","NEGATIVE"
"22","8","21","3","NEGATIVE"
"33","21","47","16","NEGATIVE"
"26","33","40","11","NEGATIVE"
"15","18","32","5","NEGATIVE"
"19","26","32","5","NEGATIVE"
"22","25","52","13","NEGATIVE"
"32","24","35","12","NEGATIVE"
"20","6","31","14","NEGATIVE"
"17","14","27","12","NEGATIVE"
"36","36","66","14","NEGATIVE"
"18","8","22","10","NEGATIVE"
"11","8","7","2","NEGATIVE"
"9","14","26","6","NEGATIVE"
"35","25","53","14","NEGATIVE"
"47","47","74","10","NEGATIVE"
"25","21","33","11","NEGATIVE"
"7","17","17","9","NEGATIVE"
"23","15","20","5","NEGATIVE"
"15","6","14","6","NEGATIVE"
"17","11","18","6","NEGATIVE"
"20","31","34","6","NEGATIVE"
"39","18","52","10","NEGATIVE"
"6","11","10","9","NEGATIVE"
"15","19","37","7","NEGATIVE"
"24","6","28","7","NEGATIVE"
"14","5","21","7","NEGATIVE"
"17","10","24","6","NEGATIVE"
"18","23","25","12","NEGATIVE"
"31","33","45","16","NEGATIVE"
"26","23","37","16","NEGATIVE"
"13","17","23","5","NEGATIVE"
"14","13","24","11","NEGATIVE"
"23","9","26","8","NEGATIVE"
"11","11","26","3","NEGATIVE"
"13","11","18","10","NEGATIVE"
"42","27","44","26","NEGATIVE"
"32","23","50","10","NEGATIVE"
"13","9","19","2","NEGATIVE"
"26","10","45","8","NEGATIVE"
"4","9","10","3","NEGATIVE"
"13","7","13","3","NEGATIVE"
"18","4","18","5","NEGATIVE"
"15","17","18","7","NEGATIVE"
"43","35","48","23","NEGATIVE"
"22","28","38","8","NEGATIVE"
"22","25","27","17","NEGATIVE"
"24","32","25","12","NEGATIVE"
"40","30","50","17","NEGATIVE"
"25","20","34","11","NEGATIVE"
"20","32","28","18","NEGATIVE"
"18","17","16","8","NEGATIVE"
"20","31","37","9","NEGATIVE"
"30","25","54","17","NEGATIVE"
"12","22","51","20","NEGATIVE"
"23","29","36","20","NEGATIVE"
"21","21","38","18","NEGATIVE"
"12","12","13","6","NEGATIVE"
"18","11","21","5","NEGATIVE"
"6","13","13","7","NEGATIVE"
"30","16","33","13","NEGATIVE"
"19","19","24","4","NEGATIVE"
"31","32","75","14","NEGATIVE"
"16","19","22","14","NEGATIVE"
"12","11","18","6","NEGATIVE"
"7","7","23","10","NEGATIVE"
"31","34","36","20","NEGATIVE"
"9","12","22","9","NEGATIVE"
"15","14","24","5","NEGATIVE"
"38","20","42","31","NEGATIVE"
"17","29","41","14","NEGATIVE"
"13","4","11","4","NEGATIVE"
"25","21","21","12","NEGATIVE"
"51","22","41","18","NEGATIVE"
"15","20","15","7","NEGATIVE"
"18","23","27","8","NEGATIVE"
"5","5","11","3","NEGATIVE"
"29","15","25","14","NEGATIVE"
"10","13","18","7","NEGATIVE"
"31","24","17","18","NEGATIVE"
"56","31","53","18","NEGATIVE"
"16","12","17","8","NEGATIVE"
"18","17","17","10","NEGATIVE"
"63","56","114","31","NEGATIVE"
"17","28","49","18","NEGATIVE"
"8","15","23","15","NEGATIVE"
"34","18","49","16","NEGATIVE"
"10","10","18","4","NEGATIVE"
"34","15","33","15","NEGATIVE"
"10","9","13","7","NEGATIVE"
"68","40","94","24","NEGATIVE"
"20","16","22","7","NEGATIVE"
"11","14","17","11","NEGATIVE"
"16","10","14","4","NEGATIVE"
"34","33","49","10","NEGATIVE"
"18","20","29","17","NEGATIVE"
"12","19","18","3","NEGATIVE"
"10","5","8","4","NEGATIVE"
"28","22","38","14","NEGATIVE"
"22","6","19","10","NEGATIVE"
"14","15","18","8","NEGATIVE"
"25","22","31","9","NEGATIVE"
"16","10","21","10","NEGATIVE"
"37","16","47","13","NEGATIVE"
"12","10","13","3","NEGATIVE"
"55","30","56","22","NEGATIVE"
"16","18","27","8","NEGATIVE"
"23","22","40","18","NEGATIVE"
"17","22","31","10","NEGATIVE"
"28","20","24","13","NEGATIVE"
"23","18","45","11","NEGATIVE"
"7","14","15","7","NEGATIVE"
"12","13","19","6","NEGATIVE"
"9","23","13","5","NEGATIVE"
"49","43","58","17","NEGATIVE"
"12","13","25","2","NEGATIVE"
"7","5","16","5","NEGATIVE"
"34","41","37","18","NEGATIVE"
"22","7","28","9","NEGATIVE"
"24","25","32","14","NEGATIVE"
"18","26","38","6","NEGATIVE"
"51","38","63","17","NEGATIVE"
"39","22","44","9","NEGATIVE"
"47","52","80","39","NEGATIVE"
"28","40","71","26","NEGATIVE"
"19","7","18","4","NEGATIVE"
"21","12","27","2","NEGATIVE"
"24","39","28","30","NEGATIVE"
"21","21","52","10","NEGATIVE"
"24","15","30","9","NEGATIVE"
"19","23","33","11","NEGATIVE"
"20","20","39","9","NEGATIVE"
"20","13","14","12","NEGATIVE"
"10","20","35","5","NEGATIVE"
"16","14","24","11","NEGATIVE"
"24","19","25","7","NEGATIVE"
"18","12","12","11","NEGATIVE"
"27","29","43","11","NEGATIVE"
"6","24","16","9","NEGATIVE"
"29","12","21","5","NEGATIVE"
"19","6","16","8","NEGATIVE"
"15","23","37","11","NEGATIVE"
"17","10","17","3","NEGATIVE"
"9","23","11","12","NEGATIVE"
"28","24","40","15","NEGATIVE"
"26","35","50","20","NEGATIVE"
"27","14","44","18","NEGATIVE"
"14","14","23","11","NEGATIVE"
"10","5","13","5","NEGATIVE"
"34","37","45","20","NEGATIVE"
"16","11","14","12","NEGATIVE"
"19","6","10","8","NEGATIVE"
"17","15","29","7","NEGATIVE"
"18","16","33","9","NEGATIVE"
"5","6","8","1","NEGATIVE"
"41","38","40","25","NEGATIVE"
"9","11","6","5","NEGATIVE"
"13","21","26","9","NEGATIVE"
"24","22","28","10","NEGATIVE"
"25","16","39","8","NEGATIVE"
"6","2","11","3","NEGATIVE"
"13","14","18","10","NEGATIVE"
"15","18","27","11","NEGATIVE"
"21","22","26","7","NEGATIVE"
"10","13","25","11","NEGATIVE"
"16","23","39","6","NEGATIVE"
"21","14","36","14","NEGATIVE"
"12","15","10","9","NEGATIVE"
"20","13","30","6","NEGATIVE"
"29","15","44","8","NEGATIVE"
"32","29","45","24","NEGATIVE"
"25","26","36","19","NEGATIVE"
"24","14","32","7","NEGATIVE"
"27","32","45","16","NEGATIVE"
"22","18","36","11","NEGATIVE"
"37","26","63","20","NEGATIVE"
"13","13","19","9","NEGATIVE"
"14","10","29","8","NEGATIVE"
"18","13","37","10","NEGATIVE"
"12","12","14","9","NEGATIVE"
"3","14","10","8","NEGATIVE"
"21","15","33","13","NEGATIVE"
"16","12","23","8","NEGATIVE"
"61","21","74","26","NEGATIVE"
"3","4","13","3","NEGATIVE"
"22","23","30","13","NEGATIVE"
"7","16","18","8","NEGATIVE"
"11","21","30","10","NEGATIVE"
"4","7","16","3","NEGATIVE"
"13","7","25","8","NEGATIVE"
"35","25","38","7","NEGATIVE"
"24","26","34","15","NEGATIVE"
"24","23","29","9","NEGATIVE"
"21","35","49","14","NEGATIVE"
"21","16","18","13","NEGATIVE"
"18","30","30","10","NEGATIVE"
"23","26","25","12","NEGATIVE"
"16","17","20","7","NEGATIVE"
"17","18","29","14","NEGATIVE"
"15","9","19","5","NEGATIVE"
"26","22","43","21","NEGATIVE"
"16","4","6","0","NEGATIVE"
"34","36","62","10","NEGATIVE"
"25","24","38","12","NEGATIVE"
"16","16","37","7","NEGATIVE"
"13","10","21","4","NEGATIVE"
"28","26","70","12","NEGATIVE"
"9","18","22","7","NEGATIVE"
"22","19","21","12","NEGATIVE"
"26","20","41","17","NEGATIVE"
"33","31","46","18","NEGATIVE"
"23","25","20","16","NEGATIVE"
"23","9","24","10","NEGATIVE"
"36","22","43","10","NEGATIVE"
"42","20","46","19","NEGATIVE"
"32","12","30","19","NEGATIVE"
"16","10","27","10","NEGATIVE"
"24","24","30","14","NEGATIVE"
"13","20","21","12","NEGATIVE"
"38","17","26","12","NEGATIVE"
"31","21","30","13","NEGATIVE"
"23","17","23","8","NEGATIVE"
"5","5","13","3","NEGATIVE"
"14","14","32","8","NEGATIVE"
"22","35","25","16","NEGATIVE"
"12","4","20","8","NEGATIVE"
"31","24","60","7","NEGATIVE"
"25","30","49","15","NEGATIVE"
"26","20","34","11","NEGATIVE"
"38","17","42","12","NEGATIVE"
"9","8","18","8","NEGATIVE"
"3","15","14","6","NEGATIVE"
"13","10","21","8","NEGATIVE"
"39","20","43","14","NEGATIVE"
"28","15","42","12","NEGATIVE"
"22","30","35","12","NEGATIVE"
"24","20","22","7","NEGATIVE"
"20","17","36","11","NEGATIVE"
"23","28","23","14","NEGATIVE"
"33","41","51","19","NEGATIVE"
"28","27","32","17","NEGATIVE"
"17","7","20","12","NEGATIVE"
"26","32","52","13","NEGATIVE"
"22","16","28","17","NEGATIVE"
"43","36","40","19","NEGATIVE"
"8","8","17","3","NEGATIVE"
"30","27","40","13","NEGATIVE"
"27","23","48","12","NEGATIVE"
"31","26","55","10","NEGATIVE"
"18","24","35","11","NEGATIVE"
"8","17","15","14","NEGATIVE"
"10","9","26","10","NEGATIVE"
"33","33","64","24","NEGATIVE"
"11","8","12","5","NEGATIVE"
"12","16","29","4","NEGATIVE"
"40","33","31","23","NEGATIVE"
"20","26","30","16","NEGATIVE"
"34","27","25","16","NEGATIVE"
"24","10","23","8","NEGATIVE"
"22","20","38","9","NEGATIVE"
"9","24","20","12","NEGATIVE"
"21","15","25","11","NEGATIVE"
"19","17","23","16","NEGATIVE"
"20","8","27","8","NEGATIVE"
"47","67","64","28","NEGATIVE"
"8","8","11","4","NEGATIVE"
"20","14","38","13","NEGATIVE"
"14","19","17","15","NEGATIVE"
"12","6","16","6","NEGATIVE"
"19","12","26","13","NEGATIVE"
"24","11","22","13","NEGATIVE"
"16","12","23","7","NEGATIVE"
"5","6","15","2","NEGATIVE"
"17","9","20","11","NEGATIVE"
"10","6","22","8","NEGATIVE"
"28","29","38","15","NEGATIVE"
"19","24","41","12","NEGATIVE"
"7","8","12","8","NEGATIVE"
"34","36","43","12","NEGATIVE"
"17","16","27","13","NEGATIVE"
"22","18","46","9","NEGATIVE"
"18","21","33","7","NEGATIVE"
"28","22","27","13","NEGATIVE"
"33","33","54","13","NEGATIVE"
"20","7","23","10","NEGATIVE"
"34","27","25","16","NEGATIVE"
"33","10","31","12","NEGATIVE"
"15","16","22","11","NEGATIVE"
"4","5","8","3","NEGATIVE"
"32","25","52","9","NEGATIVE"
"38","38","46","21","NEGATIVE"
"34","19","30","8","NEGATIVE"
"33","14","14","9","NEGATIVE"
"12","16","17","9","NEGATIVE"
"28","14","45","7","NEGATIVE"
"16","21","26","8","NEGATIVE"
"12","19","36","6","NEGATIVE"
"36","20","47","19","NEGATIVE"
"49","44","62","6","NEGATIVE"
"28","29","49","11","NEGATIVE"
"22","13","36","10","NEGATIVE"
"27","34","33","11","NEGATIVE"
"22","14","34","13","NEGATIVE"
"23","11","31","1","NEGATIVE"
"28","20","42","12","NEGATIVE"
"16","18","32","13","NEGATIVE"
"29","24","34","23","NEGATIVE"
"23","14","23","6","NEGATIVE"
"18","19","42","5","NEGATIVE"
"6","11","6","2","NEGATIVE"
"41","19","26","11","NEGATIVE"
"13","8","11","5","NEGATIVE"
"6","4","9","1","NEGATIVE"
"17","16","21","8","NEGATIVE"
"28","18","38","10","NEGATIVE"
"18","18","20","3","NEGATIVE"
"28","28","30","15","NEGATIVE"
"28","21","36","15","NEGATIVE"
"21","24","54","10","NEGATIVE"
"30","22","27","6","NEGATIVE"
"5","28","13","6","NEGATIVE"
"26","31","41","8","NEGATIVE"
"16","13","13","5","NEGATIVE"
"3","11","13","7","NEGATIVE"
"28","23","38","17","NEGATIVE"
"23","16","29","13","NEGATIVE"
"6","6","8","4","NEGATIVE"
"14","8","22","8","NEGATIVE"
"35","20","43","12","NEGATIVE"
"23","34","47","8","NEGATIVE"
"10","8","17","1","NEGATIVE"
"31","35","43","8","NEGATIVE"
"36","33","59","21","NEGATIVE"
"17","21","22","10","NEGATIVE"
"17","17","14","7","NEGATIVE"
"15","7","13","10","NEGATIVE"
"24","28","38","17","NEGATIVE"
"6","3","16","3","NEGATIVE"
"8","8","7","6","NEGATIVE"
"53","41","61","29","NEGATIVE"
"15","9","13","3","NEGATIVE"
"29","31","46","22","NEGATIVE"
"41","27","47","15","NEGATIVE"
"11","29","20","9","NEGATIVE"
"28","24","33","12","NEGATIVE"
"10","14","22","10","NEGATIVE"
"10","9","11","2","NEGATIVE"
"34","46","50","8","NEGATIVE"
"19","28","47","14","NEGATIVE"
"15","24","36","8","NEGATIVE"
"29","29","56","25","NEGATIVE"
"21","32","50","11","NEGATIVE"
"33","29","61","12","NEGATIVE"
"16","11","34","8","NEGATIVE"
"20","12","18","12","NEGATIVE"
"21","10","15","2","NEGATIVE"
"28","22","45","20","NEGATIVE"
"16","20","32","10","NEGATIVE"
"14","10","17","10","NEGATIVE"
"33","30","28","10","NEGATIVE"
"2","5","8","2","NEGATIVE"
"51","30","55","22","NEGATIVE"
"19","43","39","7","NEGATIVE"
"23","15","21","8","NEGATIVE"
"33","20","43","11","NEGATIVE"
"13","13","20","9","NEGATIVE"
"37","16","28","8","NEGATIVE"
"18","27","20","27","NEGATIVE"
"6","12","21","9","NEGATIVE"
"23","17","21","15","NEGATIVE"
"15","11","17","8","NEGATIVE"
"16","11","25","2","NEGATIVE"
"15","23","32","6","NEGATIVE"
"17","11","19","8","NEGATIVE"
"35","11","55","8","NEGATIVE"
"35","36","48","20","NEGATIVE"
"19","15","21","5","NEGATIVE"
"25","22","41","13","NEGATIVE"
"18","15","20","4","NEGATIVE"
"11","9","10","6","NEGATIVE"
"17","12","30","7","NEGATIVE"
"10","6","9","7","NEGATIVE"
"17","16","27","15","NEGATIVE"
"23","20","22","4","NEGATIVE"
"25","37","46","21","NEGATIVE"
"51","35","41","22","NEGATIVE"
"32","45","55","20","NEGATIVE"
"7","21","13","7","NEGATIVE"
"16","23","29","11","NEGATIVE"
"42","23","42","15","NEGATIVE"
"19","16","27","9","NEGATIVE"
"11","14","14","12","NEGATIVE"
"19","8","20","6","NEGATIVE"
"10","11","14","2","NEGATIVE"
"17","8","32","8","NEGATIVE"
"58","28","59","19","NEGATIVE"
"29","34","22","15","NEGATIVE"
"30","17","44","16","NEGATIVE"
"44","28","52","20","NEGATIVE"
"21","42","42","8","NEGATIVE"
"28","24","34","9","NEGATIVE"
"23","30","43","13","NEGATIVE"
"37","15","45","10","NEGATIVE"
"17","19","23","13","NEGATIVE"
"25","22","26","13","NEGATIVE"
"14","13","27","12","NEGATIVE"
"53","23","64","17","NEGATIVE"
"24","31","54","26","NEGATIVE"
"31","38","35","20","NEGATIVE"
"21","31","38","12","NEGATIVE"
"35","24","60","28","NEGATIVE"
"38","63","96","26","NEGATIVE"
"15","18","16","11","NEGATIVE"
"28","20","16","11","NEGATIVE"
"12","6","10","2","NEGATIVE"
"28","23","17","15","NEGATIVE"
"29","22","41","17","NEGATIVE"
"34","33","38","20","NEGATIVE"
"5","2","10","0","NEGATIVE"
"15","15","44","14","NEGATIVE"
"20","20","32","9","NEGATIVE"
"14","25","25","15","NEGATIVE"
"9","15","14","10","NEGATIVE"
"4","9","14","6","NEGATIVE"
"63","18","48","11","NEGATIVE"
"36","31","45","23","NEGATIVE"
"22","23","26","17","NEGATIVE"
"7","18","21","7","NEGATIVE"
"18","11","18","9","NEGATIVE"
"11","14","29","6","NEGATIVE"
"11","17","14","6","NEGATIVE"
"10","8","14","5","NEGATIVE"
"24","8","30","9","NEGATIVE"
"6","7","9","2","NEGATIVE"
"17","27","26","9","NEGATIVE"
"15","8","22","6","NEGATIVE"
"23","14","38","6","NEGATIVE"
"34","25","28","17","NEGATIVE"
"14","23","35","8","NEGATIVE"
"19","26","30","13","NEGATIVE"
"21","17","50","13","NEGATIVE"
"17","22","29","10","NEGATIVE"
"30","30","58","18","NEGATIVE"
"14","10","14","6","NEGATIVE"
"15","11","26","14","NEGATIVE"
"30","27","40","10","NEGATIVE"
"16","12","15","3","NEGATIVE"
"30","22","31","18","NEGATIVE"
"23","21","26","9","NEGATIVE"
"17","8","20","5","NEGATIVE"
"29","17","35","11","NEGATIVE"
"15","16","34","11","NEGATIVE"
"31","30","54","14","NEGATIVE"
"20","16","35","11","NEGATIVE"
"13","25","36","9","NEGATIVE"
"21","14","39","11","NEGATIVE"
"20","23","38","11","NEGATIVE"
"16","19","13","8","NEGATIVE"
"18","44","37","14","NEGATIVE"
"23","13","26","3","NEGATIVE"
"12","11","16","7","NEGATIVE"
"46","38","63","27","NEGATIVE"
"35","24","51","10","NEGATIVE"
"36","19","52","12","NEGATIVE"
"12","11","16","10","NEGATIVE"
"24","12","27","12","NEGATIVE"
"18","9","19","5","NEGATIVE"
"35","41","55","23","NEGATIVE"
"53","54","65","27","NEGATIVE"
"40","37","39","11","NEGATIVE"
"29","13","21","13","NEGATIVE"
"18","21","22","18","NEGATIVE"
"37","25","74","17","NEGATIVE"
"21","15","47","11","NEGATIVE"
"26","31","41","7","NEGATIVE"
"20","12","32","8","NEGATIVE"
"18","6","25","11","NEGATIVE"
"23","27","55","15","NEGATIVE"
"16","10","28","9","NEGATIVE"
"15","11","29","5","NEGATIVE"
"17","17","27","12","NEGATIVE"
"12","14","8","2","NEGATIVE"
"25","21","36","11","NEGATIVE"
"24","14","33","7","NEGATIVE"
"31","30","32","12","NEGATIVE"
"29","19","32","10","NEGATIVE"
"29","8","45","10","NEGATIVE"
"18","13","18","9","NEGATIVE"
"19","22","35","11","NEGATIVE"
"0","1","1","1","NEGATIVE"
"19","26","40","14","NEGATIVE"
"12","9","14","7","NEGATIVE"
"15","8","18","5","NEGATIVE"
"15","8","28","6","NEGATIVE"
"33","29","47","20","NEGATIVE"
"28","24","30","19","NEGATIVE"
"18","19","25","10","NEGATIVE"
"39","29","62","18","NEGATIVE"
"8","9","24","6","NEGATIVE"
"25","18","34","14","NEGATIVE"
"23","23","23","14","NEGATIVE"
"24","13","34","7","NEGATIVE"
"12","8","15","0","NEGATIVE"
"25","15","36","19","NEGATIVE"
"23","17","39","7","NEGATIVE"
"9","12","21","7","NEGATIVE"
"12","7","28","11","NEGATIVE"
"39","21","57","12","NEGATIVE"
"14","19","23","10","NEGATIVE"
"35","54","107","37","NEGATIVE"
"34","20","35","11","NEGATIVE"
"24","8","30","7","NEGATIVE"
"27","30","32","13","NEGATIVE"
"27","15","38","9","NEGATIVE"
"38","27","26","22","NEGATIVE"
"9","7","12","6","NEGATIVE"
"33","36","36","15","NEGATIVE"
"17","10","11","10","NEGATIVE"
"22","19","29","7","NEGATIVE"
"20","26","33","14","NEGATIVE"
"15","15","37","9","NEGATIVE"
"25","9","43","7","NEGATIVE"
"38","28","55","10","NEGATIVE"
"25","15","44","14","NEGATIVE"
"8","19","10","8","NEGATIVE"
"26","26","50","7","NEGATIVE"
"19","9","17","9","NEGATIVE"
"30","20","36","12","NEGATIVE"
"16","9","30","12","NEGATIVE"
"19","11","14","10","NEGATIVE"
"16","9","23","11","NEGATIVE"
"18","32","41","15","NEGATIVE"
"27","11","36","12","NEGATIVE"
"14","10","31","12","NEGATIVE"
"31","10","55","11","NEGATIVE"
"28","32","32","15","NEGATIVE"
"26","25","33","12","NEGATIVE"
"30","28","24","18","NEGATIVE"
"7","24","21","4","NEGATIVE"
"32","10","16","11","NEGATIVE"
"23","49","41","10","NEGATIVE"
"16","10","19","4","NEGATIVE"
"22","15","22","11","NEGATIVE"
"35","14","35","10","NEGATIVE"
"21","20","35","18","NEGATIVE"
"24","25","46","13","NEGATIVE"
"13","6","13","6","NEGATIVE"
"28","18","45","12","NEGATIVE"
"24","13","35","5","NEGATIVE"
"15","21","28","9","NEGATIVE"
"16","22","28","11","NEGATIVE"
"29","12","37","13","NEGATIVE"
"29","34","59","17","NEGATIVE"
"20","22","29","10","NEGATIVE"
"33","11","46","6","NEGATIVE"
"24","32","36","11","NEGATIVE"
"11","8","13","9","NEGATIVE"
"49","20","58","13","NEGATIVE"
"18","24","38","16","NEGATIVE"
"16","22","28","8","NEGATIVE"
"13","11","19","10","NEGATIVE"
"9","8","14","5","NEGATIVE"
"21","23","44","9","NEGATIVE"
"17","14","15","12","NEGATIVE"
"21","31","43","14","NEGATIVE"
"8","20","19","5","NEGATIVE"
"18","12","16","5","NEGATIVE"
"13","9","13","5","NEGATIVE"
"26","15","27","10","NEGATIVE"
"25","46","35","17","NEGATIVE"
"18","14","23","10","NEGATIVE"
"19","12","17","6","NEGATIVE"
"8","19","19","13","NEGATIVE"
"29","23","29","13","NEGATIVE"
"11","14","17","12","NEGATIVE"
"47","28","50","15","NEGATIVE"
"13","22","32","17","NEGATIVE"
"25","14","36","15","NEGATIVE"
"18","32","35","9","NEGATIVE"
"15","6","17","7","NEGATIVE"
"55","56","84","27","NEGATIVE"
"16","14","16","4","NEGATIVE"
"21","16","15","14","NEGATIVE"
"9","8","14","1","NEGATIVE"
"20","22","23","5","NEGATIVE"
"17","6","16","7","NEGATIVE"
"11","10","19","7","NEGATIVE"
"14","7","26","4","NEGATIVE"
"19","11","18","7","NEGATIVE"
"20","8","20","8","NEGATIVE"
"17","18","25","7","NEGATIVE"
"15","28","36","9","NEGATIVE"
"30","33","67","16","NEGATIVE"
"36","26","57","12","NEGATIVE"
"14","13","15","9","NEGATIVE"
"11","17","17","11","NEGATIVE"
"22","9","25","6","NEGATIVE"
"39","36","52","27","NEGATIVE"
"13","19","28","10","NEGATIVE"
"1","14","12","2","NEGATIVE"
"20","16","43","3","NEGATIVE"
"23","16","26","8","NEGATIVE"
"22","39","49","19","NEGATIVE"
"32","22","45","14","NEGATIVE"
"26","37","46","12","NEGATIVE"
"35","22","54","7","NEGATIVE"
"57","59","85","31","NEGATIVE"
"24","10","27","11","NEGATIVE"
"22","14","40","11","NEGATIVE"
"34","17","29","9","NEGATIVE"
"10","8","12","4","NEGATIVE"
"29","25","36","15","NEGATIVE"
"16","21","18","10","NEGATIVE"
"27","28","40","7","NEGATIVE"
"15","14","20","8","NEGATIVE"
"14","14","21","6","NEGATIVE"
"15","12","18","6","NEGATIVE"
"36","15","37","14","NEGATIVE"
"25","31","44","13","NEGATIVE"
"26","10","36","8","NEGATIVE"
"25","31","38","18","NEGATIVE"
"18","16","24","6","NEGATIVE"
"32","21","42","17","NEGATIVE"
"11","12","21","4","NEGATIVE"
"29","27","57","19","NEGATIVE"
"19","10","18","3","NEGATIVE"
"32","17","39","8","NEGATIVE"
"9","12","12","7","NEGATIVE"
"39","24","44","23","NEGATIVE"
"27","29","34","14","NEGATIVE"
"22","18","20","9","NEGATIVE"
"13","23","35","15","NEGATIVE"
"17","22","34","9","NEGATIVE"
"13","6","28","5","NEGATIVE"
"19","11","16","14","NEGATIVE"
"25","18","23","14","NEGATIVE"
"24","27","33","14","NEGATIVE"
"34","23","60","9","NEGATIVE"
"27","19","22","13","NEGATIVE"
"58","28","59","19","NEGATIVE"
"10","24","36","7","NEGATIVE"
"26","10","28","7","NEGATIVE"
"42","18","26","10","NEGATIVE"
"18","10","26","8","NEGATIVE"
"15","16","23","11","NEGATIVE"
"19","13","14","5","NEGATIVE"
"21","26","30","15","NEGATIVE"
"15","6","20","6","NEGATIVE"
"11","14","12","6","NEGATIVE"
"20","23","29","12","NEGATIVE"
"14","9","15","7","NEGATIVE"
"18","17","32","11","NEGATIVE"
"45","22","42","10","NEGATIVE"
"12","9","13","12","NEGATIVE"
"7","4","12","2","NEGATIVE"
"26","10","21","5","NEGATIVE"
"23","21","31","11","NEGATIVE"
"14","3","19","7","NEGATIVE"
"24","16","27","10","NEGATIVE"
"37","28","50","9","NEGATIVE"
"25","22","51","19","NEGATIVE"
"13","6","15","5","NEGATIVE"
"11","13","22","6","NEGATIVE"
"40","28","59","17","NEGATIVE"
"19","29","32","11","NEGATIVE"
"20","23","37","14","NEGATIVE"
"27","22","34","13","NEGATIVE"
"28","34","49","10","NEGATIVE"
"25","8","45","5","NEGATIVE"
"29","18","30","9","NEGATIVE"
"30","16","24","9","NEGATIVE"
"15","14","25","6","NEGATIVE"
"11","25","31","23","NEGATIVE"
"28","24","63","10","NEGATIVE"
"28","24","40","12","NEGATIVE"
"15","13","17","6","NEGATIVE"
"19","18","25","9","NEGATIVE"
"7","7","14","9","NEGATIVE"
"14","23","30","4","NEGATIVE"
"38","40","43","17","NEGATIVE"
"30","10","28","15","NEGATIVE"
"19","23","34","9","NEGATIVE"
"25","15","25","5","NEGATIVE"
"18","8","28","9","NEGATIVE"
"27","22","47","12","NEGATIVE"
"12","16","16","9","NEGATIVE"
"17","16","27","13","NEGATIVE"
"21","14","26","3","NEGATIVE"
"20","29","17","5","NEGATIVE"
"20","18","25","14","NEGATIVE"
"11","17","23","8","NEGATIVE"
"8","22","22","11","NEGATIVE"
"40","22","53","13","NEGATIVE"
"13","10","19","8","NEGATIVE"
"39","39","54","18","NEGATIVE"
"19","16","25","5","NEGATIVE"
"47","24","43","12","NEGATIVE"
"28","32","43","12","NEGATIVE"
"25","21","42","0","NEGATIVE"
"15","14","23","4","NEGATIVE"
"19","8","25","3","NEGATIVE"
"34","26","56","7","NEGATIVE"
"33","29","51","16","NEGATIVE"
"7","16","18","7","NEGATIVE"
"21","22","29","7","NEGATIVE"
"22","13","30","6","NEGATIVE"
"32","21","37","12","NEGATIVE"
"13","14","39","5","NEGATIVE"
"27","16","36","7","NEGATIVE"
"15","19","22","10","NEGATIVE"
"12","8","22","5","NEGATIVE"
"14","19","27","7","NEGATIVE"
"26","20","31","19","NEGATIVE"
"41","12","38","8","NEGATIVE"
"16","11","16","3","NEGATIVE"
"58","56","84","40","NEGATIVE"
"21","23","22","11","NEGATIVE"
"21","15","38","3","NEGATIVE"
"31","9","29","11","NEGATIVE"
"31","46","78","16","NEGATIVE"
"20","12","24","6","NEGATIVE"
"20","15","35","9","NEGATIVE"
"13","16","15","7","NEGATIVE"
"21","14","23","7","NEGATIVE"
"28","18","19","13","NEGATIVE"
"28","14","26","3","NEGATIVE"
"13","9","18","6","NEGATIVE"
"26","25","40","26","NEGATIVE"
"33","23","48","17","NEGATIVE"
"57","49","105","22","NEGATIVE"
"18","20","25","10","NEGATIVE"
"34","10","32","12","NEGATIVE"
"17","32","32","17","NEGATIVE"
"22","8","21","6","NEGATIVE"
"14","24","44","8","NEGATIVE"
"7","22","13","7","NEGATIVE"
"28","19","33","13","NEGATIVE"
"17","23","27","15","NEGATIVE"
"27","25","42","12","NEGATIVE"
"29","30","48","12","NEGATIVE"
"14","21","38","7","NEGATIVE"
"25","35","41","13","NEGATIVE"
"15","13","39","11","NEGATIVE"
"38","11","43","7","NEGATIVE"
"29","57","58","23","NEGATIVE"
"37","20","28","19","NEGATIVE"
"22","15","28","9","NEGATIVE"
"20","7","18","3","NEGATIVE"
"31","16","36","7","NEGATIVE"
"26","49","49","19","NEGATIVE"
"23","24","23","11","NEGATIVE"
"23","34","35","17","NEGATIVE"
"21","14","21","2","NEGATIVE"
"23","41","33","16","NEGATIVE"
"23","26","41","10","NEGATIVE"
"30","25","60","14","NEGATIVE"
"23","19","46","15","NEGATIVE"
"22","16","20","5","NEGATIVE"
"27","18","36","8","NEGATIVE"
"22","17","46","14","NEGATIVE"
"25","39","41","17","NEGATIVE"
"30","23","16","15","NEGATIVE"
"11","5","2","5","NEGATIVE"
"11","16","32","10","NEGATIVE"
"26","36","40","13","NEGATIVE"
"7","19","34","12","NEGATIVE"
"14","16","11","15","NEGATIVE"
"35","19","50","24","NEGATIVE"
"19","16","25","4","NEGATIVE"
"17","9","11","8","NEGATIVE"
"51","49","65","28","NEGATIVE"
"31","25","61","20","NEGATIVE"
"30","13","32","9","NEGATIVE"
"19","21","24","11","NEGATIVE"
"19","18","32","6","NEGATIVE"
"18","14","21","6","NEGATIVE"
"10","11","11","8","NEGATIVE"
"12","10","10","4","NEGATIVE"
"22","10","25","8","NEGATIVE"
"30","10","28","8","NEGATIVE"
"32","14","29","14","NEGATIVE"
"25","18","35","8","NEGATIVE"
"31","42","34","25","NEGATIVE"
"13","22","22","7","NEGATIVE"
"8","7","18","6","NEGATIVE"
"8","18","24","10","NEGATIVE"
"26","24","30","21","NEGATIVE"
"12","14","19","7","NEGATIVE"
"12","23","28","9","NEGATIVE"
"20","9","15","7","NEGATIVE"
"43","66","87","31","NEGATIVE"
"18","10","23","4","NEGATIVE"
"7","12","15","6","NEGATIVE"
"12","19","24","11","NEGATIVE"
"24","23","27","15","NEGATIVE"
"9","20","15","3","NEGATIVE"
"36","20","57","17","NEGATIVE"
"6","6","16","1","NEGATIVE"
"32","28","51","17","NEGATIVE"
"22","20","41","19","NEGATIVE"
"3","10","18","4","NEGATIVE"
"40","14","58","19","NEGATIVE"
"14","28","39","10","NEGATIVE"
"33","35","44","18","NEGATIVE"
"27","23","30","11","NEGATIVE"
"22","19","30","6","NEGATIVE"
"16","10","25","8","NEGATIVE"
"10","19","34","7","NEGATIVE"
"13","10","24","5","NEGATIVE"
"29","26","44","14","NEGATIVE"
"11","11","14","9","NEGATIVE"
"8","5","19","5","NEGATIVE"
"20","20","25","12","NEGATIVE"
"8","13","11","2","NEGATIVE"
"32","14","45","8","NEGATIVE"
"35","26","52","17","NEGATIVE"
"12","40","41","15","NEGATIVE"
"32","16","54","26","NEGATIVE"
"22","25","31","15","NEGATIVE"
"17","20","30","8","NEGATIVE"
"15","23","22","12","NEGATIVE"
"41","27","48","17","NEGATIVE"
"19","20","35","8","NEGATIVE"
"15","15","8","11","NEGATIVE"
"36","22","27","12","NEGATIVE"
"37","28","32","19","NEGATIVE"
"11","10","18","10","NEGATIVE"
"19","24","37","8","NEGATIVE"
"23","8","35","2","NEGATIVE"
"53","15","43","14","NEGATIVE"
"48","18","37","14","NEGATIVE"
"23","24","32","7","NEGATIVE"
"29","28","40","21","NEGATIVE"
"20","27","44","15","NEGATIVE"
"23","23","33","9","NEGATIVE"
"25","18","26","7","NEGATIVE"
"19","15","25","4","NEGATIVE"
"5","11","10","7","NEGATIVE"
"11","9","14","3","NEGATIVE"
"16","18","32","8","NEGATIVE"
"6","3","8","2","NEGATIVE"
"27","29","39","18","NEGATIVE"
"15","20","31","4","NEGATIVE"
"12","29","27","8","NEGATIVE"
"15","2","15","8","NEGATIVE"
"30","9","29","8","NEGATIVE"
"20","12","21","3","NEGATIVE"
"20","28","45","14","NEGATIVE"
"23","20","38","13","NEGATIVE"
"17","19","37","11","NEGATIVE"
"22","24","43","5","NEGATIVE"
"13","10","14","5","NEGATIVE"
"32","22","42","10","NEGATIVE"
"14","11","26","7","NEGATIVE"
"43","65","68","20","NEGATIVE"
"32","34","50","25","NEGATIVE"
"22","15","27","5","NEGATIVE"
"27","39","38","31","NEGATIVE"
"7","2","10","5","NEGATIVE"
"38","27","43","18","NEGATIVE"
"24","17","19","10","NEGATIVE"
"20","19","57","7","NEGATIVE"
"7","19","19","5","NEGATIVE"
"28","4","18","6","NEGATIVE"
"4","9","17","5","NEGATIVE"
"31","18","36","13","NEGATIVE"
"27","22","22","12","NEGATIVE"
"16","10","30","5","NEGATIVE"
"20","15","23","14","NEGATIVE"
"27","20","35","12","NEGATIVE"
"7","6","13","2","NEGATIVE"
"28","16","28","14","NEGATIVE"
"26","18","34","12","NEGATIVE"
"25","18","42","13","NEGATIVE"
"24","19","40","14","NEGATIVE"
"38","21","28","17","NEGATIVE"
"21","57","61","22","NEGATIVE"
"18","16","30","9","NEGATIVE"
"13","7","14","6","NEGATIVE"
"24","24","48","21","NEGATIVE"
"11","14","16","7","NEGATIVE"
"16","24","30","5","NEGATIVE"
"10","17","17","7","NEGATIVE"
"16","20","43","10","NEGATIVE"
"8","9","15","4","NEGATIVE"
"23","20","41","17","NEGATIVE"
"10","8","16","6","NEGATIVE"
"9","7","13","3","NEGATIVE"
"29","16","32","9","NEGATIVE"
"46","33","67","7","NEGATIVE"
"28","11","36","19","NEGATIVE"
"36","20","60","15","NEGATIVE"
"8","7","16","5","NEGATIVE"
"17","17","28","9","NEGATIVE"
"41","26","25","15","NEGATIVE"
"27","22","41","16","NEGATIVE"
"18","11","14","6","NEGATIVE"
"18","21","17","9","NEGATIVE"
"15","24","44","12","NEGATIVE"
"15","18","17","3","NEGATIVE"
"30","21","34","5","NEGATIVE"
"17","18","19","8","NEGATIVE"
"22","20","37","5","NEGATIVE"
"13","11","20","3","NEGATIVE"
"32","33","49","18","NEGATIVE"
"11","9","17","8","NEGATIVE"
"32","16","42","13","NEGATIVE"
"24","12","32","10","NEGATIVE"
"6","6","13","7","NEGATIVE"
"41","47","70","29","NEGATIVE"
"29","24","41","17","NEGATIVE"
"21","34","54","9","NEGATIVE"
"16","5","12","4","NEGATIVE"
"9","20","25","5","NEGATIVE"
"9","10","17","9","NEGATIVE"
"14","9","22","7","NEGATIVE"
"51","46","68","13","NEGATIVE"
"27","24","57","13","NEGATIVE"
"31","35","56","20","NEGATIVE"
"28","12","35","7","NEGATIVE"
"20","19","23","12","NEGATIVE"
"14","23","30","14","NEGATIVE"
"27","16","13","9","NEGATIVE"
"2","5","7","2","NEGATIVE"
"21","31","51","4","NEGATIVE"
"22","25","34","13","NEGATIVE"
"7","21","36","3","NEGATIVE"
"11","20","41","7","NEGATIVE"
"18","23","25","11","NEGATIVE"
"28","24","43","12","NEGATIVE"
"12","6","12","4","NEGATIVE"
"18","16","29","8","NEGATIVE"
"35","31","51","16","NEGATIVE"
"32","23","66","29","NEGATIVE"
"33","31","49","10","NEGATIVE"
"41","20","39","13","NEGATIVE"
"17","26","27","9","NEGATIVE"
"26","17","42","18","NEGATIVE"
"15","29","24","10","NEGATIVE"
"43","34","88","22","NEGATIVE"
"11","13","20","4","NEGATIVE"
"18","23","30","12","NEGATIVE"
"18","24","38","11","NEGATIVE"
"18","14","20","9","NEGATIVE"
"10","7","16","5","NEGATIVE"
"20","12","32","7","NEGATIVE"
"30","38","56","16","NEGATIVE"
"21","5","24","4","NEGATIVE"
"32","17","37","15","NEGATIVE"
"32","15","30","9","NEGATIVE"
"12","8","36","10","NEGATIVE"
"48","29","27","24","NEGATIVE"
"13","3","10","4","NEGATIVE"
"42","38","62","13","NEGATIVE"
"23","22","31","15","NEGATIVE"
"35","12","37","8","NEGATIVE"
"36","25","55","23","NEGATIVE"
"12","11","20","5","NEGATIVE"
"36","40","86","20","NEGATIVE"
"18","10","25","5","NEGATIVE"
"16","6","20","2","NEGATIVE"
"34","21","61","12","NEGATIVE"
"32","21","32","11","NEGATIVE"
"24","24","41","13","NEGATIVE"
"29","18","30","7","NEGATIVE"
"15","11","19","13","NEGATIVE"
"20","31","50","11","NEGATIVE"
"17","15","18","14","NEGATIVE"
"28","21","35","14","NEGATIVE"
"13","21","23","15","NEGATIVE"
"28","23","30","16","NEGATIVE"
"29","20","29","15","NEGATIVE"
"12","24","17","17","NEGATIVE"
"5","8","14","3","NEGATIVE"
"20","21","49","10","NEGATIVE"
"41","23","41","9","NEGATIVE"
"10","4","13","3","NEGATIVE"
"22","22","44","13","NEGATIVE"
"22","37","54","21","NEGATIVE"
"40","20","67","18","NEGATIVE"
"20","4","39","4","NEGATIVE"
"17","17","31","3","NEGATIVE"
"25","12","36","11","NEGATIVE"
